element_type,osmid,nodes,landuse,geometry,store
way,1072444106,"[9839879128, 9839879129, 9839879130, 9839879131, 9839879132, 9839879133, 9839879134, 9839879135, 9839879136, 9839879137, 9839879138, 9839879139, 9839879140, 9839879141, 9839879142, 9839879143, 9839879144, 9839879145, 9839879146, 9839879147, 9839879148, 9839879149, 9839879128]",commercial,"POLYGON ((-118.8606039 34.281164, -118.8599921 34.2801452, -118.859754 34.2795085, -118.8595812 34.279304, -118.8595205 34.2796282, -118.8590488 34.2798134, -118.8586986 34.2798288, -118.8575451 34.2796668, -118.8572182 34.2797748, -118.8564336 34.2810135, -118.8561347 34.2812064, -118.8558452 34.2812681, -118.8554155 34.281299, -118.8552101 34.2812566, -118.855098 34.2812489, -118.8548738 34.2815653, -118.8555603 34.2821132, -118.857503 34.2812913, -118.8580588 34.282229, -118.8587453 34.2821672, -118.8598801 34.2817312, -118.8605946 34.2814264, -118.8606039 34.281164))","Kohl's, 872 New Los Angeles Ave, Moorpark"
